종목코드,현재가
005930,261000.0
000660,1857000.0
005935,196100.0
402340,1079000.0
009150,1388000.0
373220,364000.0
005380,365000.0
207940,1398000.0
105560,174900.0
028260,351000.0
032830,283500.0
012450,1078000.0
034020,84900.0
055550,110100.0
329180,460000.0
000270,121900.0
006400,541000.0
068270,179400.0
034730,545000.0
086790,133100.0
012330,379000.0
066570,198400.0
010120,211500.0
035420,197700.0
000810,648000.0
298040,2915000.0
316140,36100.0
267260,725000.0
005490,323000.0
042660,82900.0
069500,109285.0
009540,337500.0
010130,1124000.0
000150,1447000.0
096770,136600.0
042700,236000.0
138040,126900.0
360750,26280.0
015760,30750.0
011200,20800.0
017670,89200.0
051910,267000.0
010140,20800.0
033780,172000.0
006800,31650.0
018260,219500.0
003550,111900.0
010950,149500.0
267250,208000.0
079550,744000.0
003670,183900.0
024110,20050.0
086280,203500.0
272210,80000.0
035720,33550.0
000720,124800.0
278470,367000.0
064350,122500.0
030200,53000.0
047810,129800.0
011070,532000.0
005830,186900.0
133690,181225.0
443060,246000.0
003490,29300.0
078930,113900.0
379800,23885.0
071050,182300.0
006260,325500.0
028050,51800.0
307950,369500.0
102110,109560.0
047050,57300.0
396500,37000.0
003230,1300000.0
323410,20450.0
000500,327000.0
005940,25550.0
379810,27090.0
259960,205000.0
180640,138800.0
488770,105575.0
090430,143400.0
0126Z0,327000.0
047040,18910.0
278530,39555.0
016360,85300.0
007660,103700.0
161390,60600.0
021240,101100.0
352820,165900.0
000880,132500.0
039490,262500.0
459580,1075235.0
064400,70600.0
267270,139800.0
062040,211500.0
128940,503000.0
009830,28400.0
001440,31450.0
326030,77700.0
122630,109265.0
498400,20365.0
005387,171100.0
032640,14050.0
175330,30850.0
381180,42165.0
091160,130545.0
241560,59000.0
000100,75900.0
0167A0,17660.0
000990,126100.0
377300,40250.0
052690,133800.0
353200,103200.0
088350,5860.0
029780,43750.0
004020,36000.0
138930,15600.0
088980,9790.0
229200,13830.0
310970,48780.0
066970,111000.0
036570,209000.0
454910,69200.0
148020,110225.0
051900,295500.0
271560,111500.0
011790,87700.0
458730,14815.0
082740,51300.0
034220,8400.0
001450,48800.0
0162Z0,13695.0
411060,27305.0
395160,40220.0
002380,468000.0
005385,172000.0
360200,26565.0
381170,31675.0
010060,204000.0
001040,127500.0
103590,76600.0
423160,110845.0
395270,57375.0
018880,3445.0
367380,31150.0
273130,109775.0
161890,145200.0
004170,362500.0
357870,58085.0
375500,86900.0
233740,6695.0
336260,50900.0
008930,48500.0
487240,37585.0
102780,25665.0
036460,35250.0
023530,113400.0
022100,20900.0
111770,71400.0
012750,83100.0
006360,36850.0
455890,55560.0
192820,273000.0
028670,5750.0
035250,14280.0
0043B0,103705.0
011780,119200.0
139130,18220.0
007340,49300.0
251270,34650.0
031210,41150.0
017800,73300.0
302440,35150.0
011170,63000.0
004800,159900.0
139260,137380.0
383220,69300.0
097950,174600.0
003690,14840.0
085620,19300.0
426030,47040.0
472150,20535.0
026960,25500.0
481050,1023395.0
486290,10550.0
009420,47650.0
450080,34900.0
004990,24600.0
0193T0,11715.0
489790,47950.0
282330,138400.0
278540,38830.0
449170,111920.0
161510,24975.0
004370,391500.0
000240,24500.0
005850,50000.0
014680,215000.0
005440,12640.0
001720,141000.0
204320,48200.0
483650,180300.0
018670,240500.0
103140,79300.0
020150,42300.0
279570,5390.0
385540,102815.0
112610,51400.0
009970,166200.0
069960,98200.0
456600,58810.0
051600,46550.0
139480,74000.0
284430,20850.0
081660,37950.0
073240,7010.0
030000,17300.0
002790,25950.0
457190,65100.0
007070,23350.0
292150,38420.0
000155,471000.0
229640,60500.0
181710,56700.0
214980,114425.0
294400,143645.0
462870,30800.0
439260,46850.0
071970,52500.0
089860,48900.0
475150,50900.0
305720,14670.0
441640,12440.0
442580,101235.0
120110,56800.0
023590,39200.0
105190,109580.0
475630,1077725.0
001430,45050.0
001120,41550.0
000120,70500.0
008770,40800.0
368590,30230.0
0195S0,9945.0
020560,7730.0
012630,26550.0
446770,78360.0
093370,14680.0
006040,35550.0
329200,4075.0
294870,23600.0
0177N0,14385.0
477080,107635.0
610063,55835.0
395400,5060.0
001820,144600.0
379780,22980.0
152100,110900.0
487230,19860.0
453850,7150.0
009155,510000.0
011210,54300.0
466920,27710.0
001800,24100.0
226490,70600.0
281820,72700.0
006280,122400.0
322000,127000.0
298020,325000.0
0193W0,11645.0
097230,15470.0
005070,41750.0
530031,3415.0
232080,14085.0
091230,138165.0
00680K,10450.0
157450,112670.0
700026,107805.0
361610,15720.0
415640,10450.0
448330,17255.0
390390,53100.0
069620,109200.0
007810,52500.0
001740,6260.0
007310,313000.0
438080,14060.0
436140,105970.0
003540,25900.0
192080,58000.0
0072R0,13020.0
000815,403500.0
300720,16350.0
0183J0,7945.0
066575,68200.0
280360,126600.0
330590,4000.0
004000,44500.0
000210,54500.0
030610,10000.0
356540,101070.0
469150,59950.0
465580,24765.0
006340,13890.0
017960,21000.0
0139F0,102255.0
497570,21400.0
445290,30600.0
494890,31485.0
494310,80715.0
0117V0,19590.0
455850,25120.0
494300,9070.0
469830,54470.0
000080,14850.0
449180,17110.0
446720,13575.0
479520,106535.0
451540,52765.0
449450,53045.0
295040,40975.0
003240,896000.0
760009,107470.0
0195R0,10590.0
195870,57500.0
402970,15055.0
006120,55500.0
003530,4495.0
315930,80100.0
192400,27000.0
495050,32400.0
487340,106040.0
237350,87285.0
438100,15230.0
077970,23500.0
000370,8070.0
051915,122500.0
451800,5230.0
003570,28150.0
032350,11720.0
305540,18700.0
009240,39000.0
003090,15710.0
006110,59700.0
009450,61300.0
034230,9600.0
003160,31400.0
030190,15200.0
479080,53850.0
185750,63800.0
285130,50700.0
071055,149500.0
0048J0,13805.0
000670,47450.0
005300,94000.0
0117L0,10175.0
071320,74900.0
079160,5220.0
003470,4445.0
252670,72.0
475720,12755.0
0177R0,11350.0
466940,27075.0
114800,1000.0
498410,11855.0
004490,59600.0
153130,113145.0
0219E0,8430.0
490590,14395.0
144600,10805.0
441800,28785.0
272580,57175.0
0025N0,11990.0
005090,54400.0
550082,55810.0
457480,18645.0
476550,6755.0
499790,38500.0
100840,36700.0
036530,46550.0
069660,109325.0
005690,12530.0
005180,84800.0
481060,7330.0
365550,3035.0
100090,11920.0
462330,1027.0
298050,163900.0
456610,60170.0
094800,7850.0
0061Z0,51065.0
137310,5970.0
214320,18010.0
418660,40275.0
003850,8250.0
434730,60195.0
329750,13080.0
580058,53900.0
0127P0,10480.0
364980,10265.0
458760,10885.0
090460,20550.0
064960,25800.0
367760,58905.0
290130,48050.0
371460,9480.0
0101N0,21615.0
456040,75800.0
482730,11675.0
293940,5550.0
268280,133800.0
495850,32180.0
700028,190265.0
314250,63280.0
002960,506000.0
069260,16030.0
0167B0,11850.0
005880,2020.0
0148J0,9640.0
017940,94900.0
0007F0,10195.0
102970,17400.0
0091P0,18225.0
001060,27800.0
006650,98700.0
000400,2060.0
138540,48950.0
434060,16810.0
001570,9900.0
488080,35240.0
093050,21600.0
000640,93600.0
491010,24910.0
317450,42550.0
014820,21300.0
0015B0,19085.0
001680,17700.0
017900,10520.0
383800,7990.0
489250,12750.0
248070,12620.0
079900,41350.0
002840,133300.0
00088K,40550.0
251600,15330.0
277630,71800.0
484790,8200.0
075580,10360.0
453340,18130.0
033240,27200.0
108320,35700.0
491620,10540.0
336370,8200.0
016380,5740.0
466950,30685.0
0019K0,13350.0
025540,55900.0
449190,22275.0
494670,21960.0
396520,13600.0
451000,107215.0
114090,8950.0
477050,53590.0
003300,17810.0
001530,26400.0
423920,80350.0
371160,6660.0
001510,2350.0
005810,37650.0
178920,18440.0
455030,11880.0
002350,5500.0
0220W0,6310.0
284740,23700.0
007700,13580.0
004710,9990.0
0105E0,12835.0
058650,130400.0
00104K,125100.0
001270,50700.0
462010,4790.0
484870,19000.0
463250,34775.0
003620,2570.0
452260,2680.0
315960,78165.0
365780,81855.0
460860,10290.0
435420,14035.0
496020,52555.0
496080,32200.0
192650,7640.0
009410,1684.0
444200,45120.0
361580,62120.0
438330,115325.0
251350,38935.0
002990,13340.0
114260,61580.0
019170,9420.0
161000,10030.0
001500,7890.0
145990,47200.0
448730,5340.0
448290,17725.0
003545,19910.0
476800,4195.0
004690,131900.0
377740,4655.0
490490,10930.0
039130,30450.0
483280,11965.0
0163Y0,9350.0
0190C0,7755.0
010780,15680.0
002240,16900.0
029460,41300.0
249420,14320.0
002030,220000.0
385560,50585.0
499660,1002130.0
090435,42650.0
471230,103015.0
005250,9550.0
003030,108300.0
000070,57500.0
008060,14190.0
034310,12020.0
451060,35005.0
004700,66100.0
447770,13880.0
003280,1803.0
016610,10200.0
293180,109590.0
0023A0,24755.0
474220,15225.0
0016X0,51490.0
243880,328000.0
130660,13040.0
005945,22500.0
0162M0,10055.0
306200,149600.0
072710,90300.0
271940,11490.0
448300,22990.0
009900,7920.0
148070,103735.0
471990,25035.0
403550,10790.0
426020,32150.0
014830,60400.0
092230,96500.0
760013,80935.0
357120,4120.0
005389,171700.0
001200,4125.0
0173Y0,11000.0
005420,10380.0
302450,71155.0
0060H0,12660.0
480260,53860.0
016590,9830.0
003000,4005.0
241180,34505.0
385720,25510.0
473290,10890.0
015360,14400.0
0210A0,7255.0
183190,10850.0
002810,21050.0
476760,8930.0
317400,9960.0
484880,23050.0
458250,34600.0
245710,29295.0
344820,23650.0
020000,17560.0
029530,38700.0
0046A0,9575.0
001940,26400.0
385550,114285.0
008730,15050.0
132030,24620.0
439860,113500.0
091180,26150.0
469070,10985.0
194370,12700.0
031430,10530.0
006220,9730.0
126560,3365.0
0080G0,10490.0
092790,14050.0
520054,182330.0
0040Y0,8035.0
0131V0,11090.0
950210,5980.0
027410,3735.0
003350,15770.0
474590,45630.0
0120G0,47850.0
060980,39650.0
0167Z0,7815.0
105630,8810.0
006405,217500.0
310960,63840.0
217590,14550.0
011760,26500.0
089590,4345.0
0144L0,9585.0
007690,37650.0
005610,40400.0
0094M0,17300.0
442570,17425.0
104700,9500.0
0026S0,12825.0
279530,17485.0
015860,7000.0
170900,35450.0
011930,16890.0
0043Y0,19690.0
001230,2185.0
385510,38810.0
017810,8850.0
472170,14040.0
02826K,229500.0
190620,102095.0
456880,12175.0
0182R0,10650.0
0052D0,15370.0
570090,55830.0
002310,8490.0
462900,12720.0
000157,369000.0
145720,38200.0
453810,11310.0
097520,18810.0
012030,1621.0
0052S0,11590.0
448630,15130.0
002020,25100.0
024720,9410.0
004310,10070.0
270810,13765.0
096760,4330.0
381970,6510.0
485540,15485.0
0008S0,9740.0
020120,8420.0
010820,6390.0
0111P0,10840.0
126720,21700.0
105840,15310.0
025860,6190.0
010955,76400.0
009160,4690.0
009290,6130.0
454780,99385.0
272450,5780.0
200880,11140.0
123890,2455.0
108670,33500.0
000430,4845.0
489030,6390.0
136340,103970.0
433330,21940.0
0098F0,16850.0
016800,25850.0
244920,13120.0
481190,17195.0
005720,5610.0
034830,1167.0
475300,22660.0
018250,11130.0
091170,16625.0
003120,22000.0
483320,24895.0
001390,4395.0
002710,11100.0
001750,19220.0
497880,50110.0
026890,7480.0
439870,87460.0
475080,7960.0
0038A0,15240.0
570022,57375.0
441680,10865.0
084690,7890.0
058430,4760.0
033270,17930.0
084010,8260.0
005950,10770.0
471780,36605.0
461490,14645.0
002900,6770.0
273140,114610.0
122900,8360.0
473330,7950.0
0094K0,99485.0
004430,11600.0
010580,2500.0
453870,11060.0
286940,18170.0
003200,11960.0
421320,29300.0
307520,22210.0
078520,10940.0
017390,54700.0
471040,29500.0
037710,35100.0
010690,7650.0
0183V0,11865.0
091810,2610.0
432320,1761.0
123320,110305.0
486830,53360.0
213610,21965.0
423170,58415.0
196230,117055.0
139230,13215.0
004360,13490.0
0228G0,10285.0
0162Y0,7515.0
005680,12740.0
003960,27750.0
472920,97915.0
409820,19985.0
005430,79800.0
228790,4325.0
483340,22220.0
493810,11470.0
0053L0,9255.0
334890,3590.0
044820,25950.0
364970,6680.0
283580,15060.0
001790,2870.0
495230,31190.0
448540,26470.0
005500,18470.0
298690,1501.0
007160,48900.0
003920,42950.0
136490,10220.0
053690,22150.0
388420,27040.0
0182S0,12675.0
008490,20500.0
003070,9320.0
226320,10800.0
404990,3820.0
363580,55820.0
363570,86175.0
348950,1182.0
000680,2955.0
025000,56000.0
329650,14025.0
472160,19255.0
092200,5910.0
0092C0,50300.0
134380,10440.0
030210,3760.0
005010,4070.0
001470,5820.0
452360,13250.0
001460,36200.0
117700,7290.0
044450,10000.0
000540,3510.0
000490,7820.0
0089D0,13460.0
478150,18485.0
003720,6600.0
0119H0,9910.0
0030R0,3745.0
028100,19940.0
002320,14370.0
500029,22290.0
437080,96155.0
433500,60155.0
009680,10230.0
003650,127600.0
000050,8090.0
034120,11950.0
001340,4900.0
458260,45945.0
442320,35205.0
422420,6725.0
498270,14620.0
035510,15670.0
475560,14770.0
488980,52195.0
305080,12120.0
033920,7600.0
0104N0,20960.0
900140,1115.0
03473K,379000.0
017860,12110.0
490090,16185.0
0233J0,10630.0
001250,2570.0
000320,15940.0
266160,33330.0
0151S0,15525.0
088260,3330.0
157500,11830.0
013580,23500.0
011500,13410.0
035150,10600.0
486450,19185.0
0232A0,100255.0
332930,143465.0
377190,2350.0
051905,99000.0
271050,1696.0
000650,143600.0
520094,102435.0
244580,7820.0
004980,8290.0
0005A0,9405.0
003555,66800.0
267770,83800.0
298000,53000.0
000480,4275.0
530145,11750.0
500099,19950.0
005960,8650.0
100250,3100.0
037270,3110.0
0069M0,13535.0
039570,7590.0
0115D0,7610.0
0204D0,5775.0
117580,7070.0
0047A0,12820.0
0192Z0,100815.0
495060,28185.0
433980,15850.0
302190,49840.0
004560,12750.0
000390,7040.0
339770,3825.0
053210,4020.0
414780,13940.0
480040,14010.0
003520,1041.0
495550,33005.0
463050,11290.0
001630,37850.0
0082V0,11260.0
001130,11160.0
102460,10140.0
016580,10090.0
0091C0,9410.0
429000,13100.0
002420,6010.0
102260,3690.0
003547,19430.0
466930,23580.0
095570,4110.0
033530,6810.0
530104,183850.0
0093A0,33355.0
500069,183330.0
122090,82430.0
015230,6740.0
003610,5690.0
000140,7860.0
473460,24000.0
494330,32565.0
480020,10185.0
128820,4030.0
261260,5325.0
077500,8310.0
487570,48050.0
213500,7510.0
483290,10225.0
0005G0,51465.0
412570,1224.0
009470,26800.0
332500,73540.0
003220,7850.0
002100,9000.0
007860,7450.0
0040X0,9425.0
461950,4895.0
000300,4200.0
016450,4340.0
0099L0,99490.0
234080,10950.0
0190G0,9065.0
000700,6630.0
002150,5080.0
494220,48790.0
014710,9910.0
025560,6120.0
490600,8845.0
403790,57715.0
241590,2785.0
000520,7760.0
003460,2965.0
472870,6930.0
0064K0,12725.0
491820,45260.0
013890,7510.0
200250,20735.0
337160,48115.0
480030,9735.0
000860,12510.0
237370,15570.0
101530,5530.0
233160,7385.0
460850,5370.0
002170,53500.0
520098,26715.0
488720,48585.0
160580,16370.0
0193G0,8425.0
272560,114910.0
394670,10755.0
004380,7570.0
006805,11640.0
530134,1740.0
090350,7820.0
0180V0,8210.0
0005D0,14765.0
400760,2835.0
0051G0,12525.0
152870,110355.0
001780,1592.0
570051,30720.0
011785,50200.0
00279K,21250.0
000970,6600.0
007570,7880.0
003830,112500.0
462520,12570.0
458210,110780.0
219480,33010.0
354500,13965.0
004090,11660.0
0127M0,12320.0
293480,8250.0
016880,1833.0
271980,9960.0
0153K0,12200.0
530136,14620.0
025820,4360.0
464240,52055.0
0048K0,8085.0
004970,9080.0
272550,9640.0
491610,105010.0
001520,1353.0
0151P0,14635.0
138520,35840.0
001045,64000.0
481180,16810.0
0104H0,11820.0
097955,108300.0
004150,3495.0
500037,70945.0
071840,6010.0
550089,141875.0
245340,34940.0
015890,4825.0
000020,5040.0
438560,100170.0
107590,60400.0
143860,35010.0
498180,92795.0
008350,1083.0
003480,4730.0
0041E0,16230.0
0199C0,9245.0
451530,35090.0
094280,11990.0
001080,3940.0
0131W0,102250.0
700023,137845.0
0092B0,16530.0
139220,8120.0
495330,31805.0
007540,47500.0
520066,22685.0
004080,14540.0
001210,10850.0
003010,10560.0
476030,17165.0
012610,3210.0
457990,34655.0
760007,33310.0
570050,26600.0
081000,9280.0
002210,1364.0
004960,11360.0
0184L0,100525.0
024090,11500.0
014280,4465.0
471760,14145.0
0091M0,10160.0
463680,22640.0
304660,7225.0
0123G0,6310.0
018470,5130.0
009270,1129.0
267290,21950.0
214390,5410.0
461500,104805.0
411420,27025.0
760011,8230.0
006060,2300.0
550092,127115.0
192090,12250.0
0074K0,17010.0
013520,2530.0
325010,43510.0
463290,109405.0
438570,97450.0
078000,13490.0
447620,15980.0
011690,3395.0
350520,3375.0
210540,11200.0
448100,112365.0
089470,3870.0
0000Y0,102000.0
001360,1310.0
002620,7720.0
008970,1187.0
037560,1585.0
214420,5100.0
114820,104770.0
469170,5990.0
570116,61070.0
009070,4070.0
491230,52555.0
005800,13480.0
0191W0,100785.0
377990,24255.0
476450,52860.0
328370,38595.0
570106,47635.0
0209D0,8190.0
319640,25780.0
002390,8600.0
399110,20715.0
014530,3375.0
332940,48965.0
227840,12910.0
015590,2195.0
0168K0,5555.0
034590,26550.0
251340,2440.0
182480,13190.0
367770,22445.0
079430,5740.0
0181B0,9480.0
0000J0,28775.0
092220,2855.0
017550,1837.0
016740,3995.0
37550L,53700.0
016710,7030.0
083420,4700.0
488500,12455.0
0085P0,9715.0
023450,32150.0
002460,11030.0
372330,6665.0
530061,37025.0
309230,30175.0
0135Y0,100200.0
530055,110910.0
008040,7840.0
304940,32520.0
0132K0,7955.0
0162L0,13655.0
0036R0,19610.0
011810,3530.0
266370,68355.0
0080Y0,8535.0
0138Y0,9805.0
012800,1194.0
012320,46000.0
013570,4120.0
326240,43335.0
530107,1797.0
0221V0,100625.0
004100,2930.0
203780,35800.0
012200,3935.0
011280,1512.0
078935,60100.0
006660,13160.0
021820,10680.0
464930,20530.0
0193M0,50375.0
455860,4455.0
496090,32095.0
464310,13575.0
570019,7040.0
168580,33835.0
0174B0,14330.0
009580,1686.0
476850,21905.0
465610,43730.0
120030,83400.0
500050,52330.0
004250,2840.0
014580,3770.0
458030,55110.0
027970,2730.0
010100,3405.0
248170,22600.0
123690,6410.0
0176E0,9755.0
013700,1722.0
035000,6330.0
475050,6925.0
0122W0,51070.0
610037,7260.0
0137V0,11420.0
394660,15465.0
0177X0,9870.0
475280,10735.0
267850,9080.0
119650,918.0
002780,6920.0
002450,1105.0
114100,105775.0
067830,2385.0
0142D0,10465.0
264900,7770.0
008260,3395.0
008700,1253.0
417310,2385.0
0008T0,17630.0
002200,2830.0
433970,13935.0
308620,11395.0
014790,2495.0
473440,10855.0
195980,15375.0
007210,1442.0
363280,2065.0
036580,2555.0
454320,43590.0
032560,5500.0
0035T0,19270.0
014440,4660.0
0066W0,12870.0
070960,1916.0
261270,8095.0
580039,183160.0
298770,82940.0
001290,4205.0
0052T0,50700.0
001275,30250.0
325020,29235.0
143850,77105.0
486240,29200.0
211900,27800.0
019180,5010.0
468380,10865.0
269540,29990.0
444490,20170.0
453080,23000.0
006840,6750.0
33626K,6690.0
479620,25840.0
007610,4945.0
610064,55130.0
0007N0,109935.0
023000,2210.0
058850,2115.0
058860,2515.0
329670,21830.0
204480,23440.0
000850,39550.0
025620,4775.0
495040,31865.0
460960,10940.0
004140,1775.0
004890,34850.0
096775,67400.0
329660,17750.0
453330,18120.0
006090,8820.0
485690,22415.0
461460,50955.0
002600,137700.0
011700,2545.0
139990,2120.0
359210,35660.0
109070,1550.0
0017Y0,93760.0
500096,16255.0
007980,1723.0
111380,13100.0
0018C0,10520.0
449770,21030.0
337140,36305.0
475310,27035.0
0057H0,11680.0
023800,5020.0
002220,2965.0
550093,39560.0
0049M0,11200.0
490480,29160.0
495750,32045.0
108450,39120.0
469060,34770.0
0098N0,12920.0
000590,67700.0
138530,12025.0
009180,2765.0
069730,5400.0
005740,5230.0
004840,4025.0
210780,23395.0
0197X0,5500.0
003580,1515.0
0198A0,8585.0
0225V0,11230.0
365040,36315.0
007590,5600.0
163560,5480.0
0080X0,10865.0
000105,66000.0
004770,2125.0
084680,532.0
001260,7620.0
272910,105735.0
228810,3060.0
0022T0,13125.0
010960,3100.0
013360,1382.0
005750,4480.0
475350,14695.0
570120,14820.0
364960,6205.0
550091,36825.0
157490,7900.0
473640,34975.0
520095,29195.0
013870,3825.0
412770,12535.0
441540,26970.0
298340,56380.0
0102A0,9010.0
001020,2030.0
292190,48015.0
0238F0,10205.0
0210E0,7380.0
155660,4445.0
095720,1251.0
014160,655.0
063160,12940.0
338100,3795.0
055490,14780.0
002795,11040.0
211560,34965.0
214330,6720.0
0098Z0,93600.0
084670,24200.0
120115,25250.0
000180,5000.0
0190Y0,8585.0
002720,3285.0
000230,6020.0
465330,11305.0
001560,9080.0
009770,27600.0
031820,5700.0
0113D0,11985.0
007280,2400.0
010660,3125.0
530131,22855.0
011150,1900.0
130730,103115.0
492500,51315.0
0233A0,10560.0
210980,3625.0
228800,2625.0
570100,22405.0
004440,5270.0
530126,33495.0
550084,33450.0
433880,18525.0
458750,12830.0
278620,119115.0
530115,66615.0
530067,33265.0
079980,1923.0
491700,110450.0
610066,55160.0
085310,8920.0
058730,3240.0
002700,955.0
480370,2015.0
019680,1623.0
071090,3230.0
100220,5010.0
024900,1995.0
418670,19080.0
520092,32360.0
453950,31570.0
520087,32300.0
004720,2850.0
261240,14300.0
010040,1560.0
481430,97290.0
277640,37535.0
266420,15900.0
005870,4490.0
0123S0,10195.0
520080,21065.0
017370,3450.0
018500,1349.0
014990,4175.0
520081,62700.0
292770,58120.0
419890,107490.0
140700,20775.0
0000D0,9030.0
068290,6230.0
700022,31105.0
072130,4875.0
0172V0,8715.0
455660,9370.0
016090,1393.0
580010,10280.0
495940,19490.0
760016,61275.0
009200,1470.0
610088,61155.0
306950,76300.0
0181L0,7310.0
0115E0,14020.0
520086,24390.0
760018,10160.0
476750,7510.0
453640,14135.0
700029,60750.0
252400,101245.0
0040S0,23795.0
000220,3840.0
500093,60305.0
580068,60145.0
440640,112795.0
530133,59475.0
004450,27600.0
002760,990.0
0166S0,11290.0
520101,11765.0
372910,2110.0
491220,129645.0
111110,6430.0
275980,23310.0
001465,27000.0
0220WL,2450.0
37550K,27350.0
500071,22955.0
006890,4945.0
003925,30300.0
479730,9675.0
003780,4390.0
075180,2970.0
520057,1801.0
225040,67100.0
396690,1417.0
0194T0,9965.0
000725,52900.0
0141S0,8850.0
129260,1873.0
0226A0,11135.0
003465,3185.0
378850,2930.0
304780,123630.0
455960,12130.0
020760,902.0
520089,11055.0
480310,20855.0
434960,110180.0
520100,11010.0
442560,16405.0
580082,21975.0
001550,10570.0
385590,23835.0
150460,7425.0
092440,1872.0
090080,991.0
401470,9295.0
0041D0,14085.0
025530,3630.0
002630,913.0
092780,4100.0
006980,17470.0
278240,7585.0
0046Y0,12505.0
261220,27915.0
28513K,25350.0
003475,4180.0
002410,1935.0
0113P0,102555.0
011390,50200.0
012690,1449.0
101280,30805.0
123700,3395.0
530113,52930.0
0238P0,10285.0
440910,22865.0
021050,1105.0
011230,2735.0
023810,5240.0
000950,31150.0
0118Z0,8770.0
445150,28120.0
006125,42100.0
0111J0,11915.0
580034,103650.0
006880,4365.0
010770,3520.0
004830,3270.0
0118S0,10995.0
275300,30065.0
261070,11045.0
218420,20700.0
475260,10765.0
007815,17100.0
253150,202410.0
570104,16865.0
0185L0,7270.0
580076,25230.0
360140,22925.0
009190,1145.0
005305,64900.0
530124,50180.0
520072,16700.0
0139P0,13435.0
007460,1998.0
292560,8105.0
002140,1976.0
152500,44770.0
287180,54295.0
011000,2670.0
001620,2180.0
002920,1862.0
114470,107180.0
140950,85995.0
101140,4750.0
580056,23810.0
442260,38400.0
0000Z0,8130.0
461340,43215.0
123310,1114.0
004920,907.0
0178H0,10065.0
453650,18875.0
520102,23490.0
0020H0,21815.0
336160,99970.0
009320,951.0
610061,23415.0
004410,1185.0
007110,603.0
041650,2170.0
256750,15215.0
305050,71325.0
069460,2660.0
473490,30865.0
447430,16215.0
0220B0,10610.0
316670,6925.0
005320,1348.0
0086B0,9400.0
000910,2935.0
473590,19470.0
004540,1225.0
357250,1825.0
520056,22805.0
200030,40380.0
35320K,21650.0
442090,30205.0
005030,486.0
008420,2195.0
429760,19560.0
0132H0,7690.0
371470,8515.0
0197W0,9865.0
074610,5110.0
475270,10745.0
014910,2045.0
375770,24810.0
002870,1277.0
084870,2180.0
196030,89110.0
276990,25060.0
0207G0,7450.0
520078,14765.0
003080,2210.0
004910,3450.0
0141T0,50165.0
017180,1299.0
520099,3390.0
440650,11595.0
610078,36670.0
026940,2200.0
004060,2170.0
472830,7885.0
520091,10890.0
023350,3955.0
520074,14425.0
0186S0,8320.0
0089C0,11385.0
000215,25650.0
0189B0,8350.0
570118,10730.0
238720,47370.0
009835,16750.0
481850,980.0
487130,29315.0
700027,42070.0
0191M0,100815.0
610038,4165.0
019490,541.0
520073,41330.0
0112X0,41290.0
011330,4120.0
446070,3890.0
494840,12300.0
139320,18305.0
100910,17125.0
550041,58685.0
472840,108755.0
0192L0,10145.0
428510,23835.0
448570,30005.0
500095,6750.0
401170,10380.0
183700,96255.0
017040,932.0
570103,4025.0
322410,22890.0
0007G0,13125.0
027740,1260.0
610101,39860.0
023960,1045.0
008870,39700.0
011300,2295.0
476260,12705.0
520082,13115.0
570119,39295.0
009810,1920.0
530143,39055.0
139280,12165.0
491830,22245.0
580081,38845.0
0194M0,10715.0
275280,43095.0
011420,1395.0
570117,1743.0
134790,19100.0
047400,905.0
0100K0,6415.0
145270,783.0
449690,50070.0
352540,10975.0
000890,1341.0
133820,996.0
195930,23050.0
580077,12225.0
464470,47700.0
570082,1822.0
147970,79075.0
049800,1813.0
0222D0,10355.0
500094,1723.0
452250,4665.0
012280,3650.0
365000,3560.0
276970,7625.0
570102,17830.0
000760,12730.0
400970,7115.0
450910,13560.0
474800,16095.0
760005,35285.0
520077,14100.0
010640,2110.0
520079,35095.0
276650,46750.0
009140,22300.0
570029,7005.0
104530,17045.0
0154F0,12215.0
0023B0,16570.0
407830,14495.0
469050,31545.0
0085N0,9630.0
051630,1635.0
0234N0,10185.0
520075,34485.0
241390,15665.0
760024,7650.0
491090,18510.0
0184E0,11045.0
004365,9270.0
008250,3120.0
530117,33885.0
510045,22570.0
500085,33840.0
0089B0,11260.0
610007,6750.0
385520,15655.0
143210,1199.0
006370,3100.0
449780,18630.0
261250,15965.0
013000,1166.0
005820,14560.0
099140,20865.0
0083S0,11890.0
500040,33040.0
138910,9995.0
012160,2110.0
580069,1781.0
475070,29945.0
0138T0,9395.0
498860,16405.0
459560,21870.0
570127,32780.0
380340,27285.0
002880,3490.0
105780,16310.0
570069,32560.0
465350,16235.0
117460,13640.0
009460,2625.0
090370,1186.0
122260,104240.0
174360,22885.0
0204S0,7090.0
322400,9600.0
530118,10530.0
117680,12835.0
001070,5930.0
352560,11855.0
139270,17055.0
0218J0,9335.0
275290,34735.0
395290,4920.0
0150K0,11145.0
156080,52005.0
256440,5115.0
245350,19495.0
014130,2630.0
465660,23895.0
010400,4075.0
530148,31045.0
459750,17735.0
520096,12400.0
476690,10305.0
261140,24060.0
415920,6550.0
025750,1908.0
426150,51035.0
024070,1999.0
036420,1587.0
227540,18410.0
395170,15190.0
248270,26180.0
069640,1397.0
468630,10785.0
153270,83950.0
003535,6290.0
494410,14375.0
0155N0,7715.0
496770,16700.0
033250,4695.0
570072,30025.0
450190,50010.0
217770,1068.0
469790,42755.0
088790,2400.0
006740,5020.0
446690,59690.0
266360,9325.0
500035,14915.0
0155M0,6595.0
459790,20435.0
520065,14800.0
006570,1943.0
500102,14775.0
308170,3430.0
387270,25455.0
002690,1454.0
192720,57865.0
610075,48995.0
415340,14200.0
500023,14695.0
145850,117290.0
494340,19540.0
025890,2625.0
003680,4705.0
118000,1320.0
0192T0,6810.0
253250,99550.0
0203S0,8490.0
489290,15070.0
0107F0,11220.0
007120,1044.0
261060,24985.0
0013R0,7890.0
476070,10705.0
0166N0,8100.0
520090,7085.0
700013,28290.0
0192M0,10890.0
357430,911.0
271060,8990.0
464920,23105.0
0224X0,9895.0
570047,27635.0
223190,27550.0
019175,13800.0
0223R0,9440.0
289480,13000.0
006490,1535.0
0049K0,11095.0
520083,27145.0
139250,17390.0
001380,1202.0
580049,13480.0
0164G0,12805.0
0137W0,10340.0
475380,10125.0
006345,10210.0
760026,17820.0
437350,12135.0
440340,11845.0
003060,1631.0
005110,1254.0
0198D0,10410.0
493420,12535.0
760004,9710.0
167860,90370.0
071950,1806.0
277540,32545.0
252710,80.0
0209Z0,7360.0
510044,17170.0
610028,25725.0
610069,17130.0
483570,16055.0
0115C0,10890.0
002355,3930.0
0047R0,15440.0
550069,25460.0
530063,25435.0
261120,5295.0
023150,4080.0
245360,12040.0
580057,12635.0
481340,8550.0
0152E0,10700.0
33637K,1485.0
496120,33475.0
414270,11650.0
610022,8315.0
580048,12470.0
185680,46695.0
004270,5410.0
292500,49220.0
530128,24520.0
225130,48825.0
159800,87000.0
368190,7610.0
0097L0,12455.0
0103T0,8230.0
610001,12135.0
003495,21850.0
295020,61210.0
479850,17955.0
292160,48315.0
289250,35005.0
520047,24115.0
570124,12030.0
004870,1063.0
005360,1266.0
0177A0,9545.0
195970,16340.0
419430,8500.0
0093D0,18255.0
500100,11845.0
520093,1959.0
138230,16210.0
0206G0,7955.0
030720,5040.0
367740,42575.0
33626L,7830.0
570115,23380.0
009310,5330.0
364690,38765.0
700017,23220.0
570081,22950.0
610089,1906.0
001420,3005.0
0047P0,14730.0
388280,7000.0
580070,22790.0
280930,16240.0
530106,22730.0
530138,22715.0
442550,14650.0
610103,22705.0
760028,2835.0
530116,4535.0
461450,15045.0
300950,5350.0
465670,16585.0
269420,21645.0
012170,3055.0
411540,17110.0
580072,11115.0
375760,24575.0
376410,24485.0
461600,8295.0
0127R0,16280.0
239660,121750.0
108590,108880.0
456680,5335.0
371450,13950.0
0026E0,11760.0
530119,21690.0
0186L0,9390.0
447660,13930.0
000040,1097.0
580067,10780.0
610047,10760.0
433220,29075.0
550087,10720.0
0065G0,8400.0
580071,10665.0
0153X0,11200.0
477730,7170.0
610087,21100.0
204450,2195.0
530130,7015.0
580073,20995.0
550088,20980.0
760012,29915.0
008775,27850.0
471460,45300.0
337120,34670.0
520106,10390.0
0192S0,9445.0
091220,17305.0
463300,12975.0
416090,12975.0
580089,20730.0
0239Z0,10360.0
226980,22990.0
530132,20630.0
438320,4775.0
469160,24185.0
500091,10265.0
300640,6315.0
0067V0,9325.0
253290,11390.0
700012,20470.0
152380,64360.0
489000,9300.0
0231Z0,10220.0
002070,4255.0
570125,20375.0
520104,10185.0
289040,33930.0
437070,58810.0
464600,22565.0
550085,10150.0
417630,19305.0
760008,10130.0
169950,25220.0
0190M0,8380.0
465770,2780.0
00499K,24900.0
610085,33265.0
570122,9965.0
760022,9945.0
015020,928.0
001685,14500.0
404120,24825.0
610018,9915.0
093240,323.0
379790,17215.0
580074,9870.0
304770,13840.0
0239Y0,9810.0
364990,4455.0
760021,27995.0
530112,19515.0
520103,9755.0
497780,10470.0
011090,1632.0
284980,22460.0
520105,9605.0
487950,13230.0
002360,1723.0
213630,20810.0
404260,23895.0
276000,21240.0
304760,47750.0
610036,18935.0
461910,37760.0
108675,18270.0
228820,18720.0
0104P0,11005.0
183710,93265.0
445910,20545.0
0144M0,6710.0
229720,36880.0
407310,16740.0
445690,30650.0
530140,18355.0
580075,18325.0
461900,22850.0
381560,17385.0
500072,1823.0
006200,1946.0
0018Z0,18180.0
700034,12060.0
272570,107475.0
610040,17995.0
580066,8970.0
610003,8945.0
449580,16260.0
227830,71500.0
415760,13090.0
570071,17660.0
008600,2620.0
468370,10525.0
009440,756.0
195920,35105.0
289260,29035.0
460660,11600.0
0223A0,10875.0
002820,1440.0
225060,16380.0
385600,11560.0
292050,49545.0
570121,8660.0
391670,28672.0
130680,8175.0
0203R0,50415.0
0105D0,8995.0
0086C0,9760.0
530123,17050.0
0193K0,11860.0
457690,10425.0
477490,18695.0
474920,17860.0
483330,15200.0
610104,16680.0
610025,16680.0
219390,8335.0
419650,5045.0
0198B0,11140.0
550097,16485.0
332620,88150.0
250730,9680.0
610081,32505.0
580050,16150.0
18064K,30300.0
530120,15900.0
131890,39615.0
265690,8535.0
432840,19715.0
494420,8745.0
760017,22455.0
236350,25270.0
005725,4335.0
0207Z0,7230.0
005257,18240.0
0233N0,10615.0
002025,13170.0
413930,27690.0
570126,15175.0
337150,25100.0
0222F0,13095.0
488290,42980.0
0106J0,20045.0
491510,17680.0
114460,99860.0
530095,14970.0
610039,14935.0
580090,14890.0
580086,14800.0
453010,110010.0
0084E0,10105.0
387280,11520.0
453630,12145.0
570099,14565.0
104520,14560.0
404650,23880.0
520076,5730.0
484890,52610.0
244620,20430.0
570105,4765.0
530129,14290.0
0090B0,7130.0
438900,10935.0
0051A0,23685.0
485810,11715.0
024890,1702.0
0104G0,5960.0
234310,28005.0
000087,12350.0
453820,10710.0
102960,13650.0
610024,13910.0
570123,6955.0
001795,2135.0
610072,27650.0
409810,5525.0
417450,16200.0
0153P0,9485.0
760023,13750.0
373490,24965.0
0088N0,10940.0
0013P0,12390.0
580051,9085.0
496130,25215.0
0127V0,10820.0
137610,5875.0
472720,25820.0
0220A0,8950.0
500024,6710.0
451600,84255.0
0194R0,9710.0
610062,66670.0
610080,13320.0
500097,13300.0
610035,13290.0
45226K,4570.0
0127T0,11040.0
0004G0,8810.0
0028X0,11350.0
015260,276.0
760015,6490.0
252650,18540.0
530137,12915.0
580032,25630.0
520088,6400.0
487750,31870.0
580083,25450.0
530092,2535.0
300610,5365.0
0015F0,10495.0
396510,6985.0
00806K,10360.0
0208N0,7600.0
290080,7375.0
279540,20895.0
400570,11800.0
363510,112275.0
140710,6555.0
489860,14645.0
435550,17745.0
360150,3025.0
610071,12400.0
166400,24750.0
570074,12320.0
453060,111585.0
610030,12270.0
610096,12265.0
145995,33050.0
700032,12230.0
580080,12185.0
610020,12110.0
520064,6045.0
332610,125530.0
457700,9105.0
520046,12015.0
404540,24025.0
251590,17145.0
084695,13100.0
140580,23915.0
610070,23760.0
410870,9135.0
610093,23710.0
0193L0,9090.0
570096,11770.0
282000,115330.0
580088,23505.0
530127,11745.0
0203D0,8995.0
395760,21230.0
610086,58275.0
530121,11650.0
453660,16640.0
0000H0,10125.0
269530,19395.0
580052,23255.0
269370,16570.0
004105,3495.0
428560,15365.0
530139,11520.0
435040,19200.0
354240,10470.0
610060,22955.0
266410,9540.0
580043,22895.0
610049,11430.0
550100,11400.0
610045,11390.0
0216Z0,9090.0
430500,112905.0
580047,11120.0
448490,52475.0
38380K,7510.0
700036,2200.0
0002C0,10180.0
0008E0,11570.0
610074,10890.0
500086,10870.0
407820,6035.0
610055,21720.0
580065,10860.0
610102,10860.0
570085,10840.0
0093B0,12685.0
446700,10365.0
610058,21450.0
00781K,13680.0
463640,13380.0
580064,21405.0
610051,10690.0
0120X0,10080.0
0227L0,10680.0
610079,53275.0
451150,17125.0
291130,17585.0
464610,6805.0
0068M0,11715.0
001067,50200.0
580054,21060.0
419420,8705.0
580059,10440.0
371870,6510.0
0224D0,10385.0
310080,9020.0
0113G0,11520.0
0191S0,14000.0
610076,51720.0
760032,10340.0
0189Z0,10315.0
280920,22905.0
610056,20585.0
385710,10240.0
140570,25570.0
610106,10225.0
460270,12620.0
700011,10200.0
610112,20400.0
610057,20395.0
610077,10180.0
610092,10170.0
237440,10080.0
610111,10080.0
139240,11385.0
004255,1897.0
0219B0,12520.0
530064,667.0
0094L0,7140.0
610098,9960.0
463690,17950.0
181480,82210.0
610082,9865.0
580087,9860.0
610068,9850.0
610034,9810.0
0227K0,9325.0
487910,8155.0
003075,13200.0
570107,3905.0
252000,19490.0
019685,999.0
429010,19400.0
281990,17625.0
0174R0,11400.0
580060,19250.0
0120J0,7680.0
117690,19155.0
610105,9575.0
0001P0,8520.0
354350,18300.0
580061,9505.0
482030,9030.0
399580,9470.0
145210,2240.0
700033,9445.0
498050,9895.0
456250,8165.0
700014,9365.0
580035,9300.0
230480,4625.0
494180,13185.0
610097,9205.0
461580,15275.0
520097,9110.0
550099,9110.0
341850,4550.0
580053,18185.0
001755,19170.0
105010,6470.0
580063,18110.0
301400,13915.0
0084D0,11300.0
610083,18080.0
497510,12870.0
0067Y0,10010.0
610100,9000.0
760027,4475.0
0216K0,8940.0
266390,14850.0
0184N0,8910.0
0133E0,8440.0
610084,8835.0
375270,13580.0
395150,1827.0
466810,5840.0
580079,8760.0
570094,8735.0
500068,12455.0
0221Z0,9150.0
610090,8680.0
215620,16070.0
381570,10150.0
435540,17245.0
500101,8600.0
449680,10110.0
520085,8580.0
580085,8575.0
270800,15580.0
217780,5510.0
530135,8505.0
33637L,2245.0
0226G0,12090.0
371150,6510.0
550095,16925.0
610059,16900.0
497520,12985.0
457930,27905.0
610095,8365.0
000225,3690.0
530114,8345.0
0219Z0,10430.0
429980,16685.0
700031,8340.0
0194N0,10740.0
182490,13770.0
462340,16490.0
395750,20470.0
0226D0,10165.0
0214M0,9515.0
760025,11535.0
261110,16030.0
500036,4005.0
227550,12485.0
610094,7960.0
580062,15820.0
395280,3365.0
0215T0,8780.0
570097,7900.0
174350,20665.0
001515,4005.0
700035,7760.0
610073,15490.0
480460,9090.0
530141,7715.0
189400,25707.0
487920,7690.0
225800,15070.0
435530,15290.0
437370,10920.0
438740,33815.0
570114,7590.0
494210,10825.0
0172Y0,9470.0
227570,20995.0
285690,21515.0
001065,22000.0
570109,15000.0
0094X0,8305.0
304670,12425.0
0005C0,11365.0
256450,14620.0
0218K0,10435.0
139660,8385.0
520084,7280.0
530142,7245.0
610099,7240.0
0176P0,13100.0
488480,13085.0
610091,14375.0
225050,15930.0
253280,11930.0
0082F0,10215.0
402460,14230.0
315270,18690.0
510043,7095.0
580078,7065.0
400590,14095.0
760006,7030.0
000325,28700.0
368680,7750.0
326230,10895.0
244670,11615.0
530060,6960.0
0138D0,12640.0
700030,1736.0
570101,6915.0
0036Z0,12535.0
530122,6880.0
570111,34200.0
500098,6840.0
530056,1709.0
250780,2465.0
570095,6705.0
570092,6705.0
044380,482.0
139290,23910.0
450180,10265.0
500067,9450.0
289670,51675.0
456200,60070.0
176950,61065.0
550098,6545.0
0047N0,9300.0
004985,8780.0
138920,12855.0
580084,12705.0
530096,6345.0
001770,5200.0
012205,5400.0
570091,6295.0
316300,12465.0
0166T0,9450.0
760010,8760.0
429740,6130.0
004835,4380.0
570098,6070.0
451670,12120.0
400580,12110.0
469530,9400.0
307510,11925.0
0191B0,29770.0
0114X0,9055.0
314700,10655.0
570073,5855.0
433250,23400.0
483020,8915.0
0087F0,11580.0
0229F0,8265.0
610023,5785.0
401590,11340.0
0053M0,12840.0
407300,10400.0
219900,4080.0
26490K,7370.0
267450,11260.0
0184V0,5300.0
090355,12000.0
291890,12320.0
530094,5530.0
432600,55170.0
220130,6870.0
390400,6870.0
0102X0,9155.0
499150,10930.0
510027,1814.0
238670,13535.0
580044,1804.0
550096,10825.0
570108,10705.0
470310,17840.0
413220,4435.0
483030,11740.0
476310,9525.0
0015E0,10465.0
002995,17880.0
0174J0,8590.0
295000,50970.0
0132D0,9250.0
530062,39.0
411860,16675.0
291630,3400.0
490330,14030.0
0154H0,8920.0
0015K0,6975.0
0073X0,8870.0
760014,6935.0
550070,4830.0
610029,4825.0
267440,8010.0
498610,7955.0
391600,10365.0
0128D0,6650.0
266550,18525.0
474390,40300.0
0078V0,9125.0
000545,5920.0
227560,12550.0
488200,12590.0
530125,4400.0
000145,9200.0
205720,1441.0
373790,15385.0
277650,21225.0
009415,6430.0
0050E0,8350.0
0131A0,7430.0
226380,5700.0
291680,7950.0
005965,17440.0
252420,77.0
334690,5900.0
500041,759.0
225030,2265.0
244660,9225.0
243890,8025.0
014825,13440.0
267490,4920.0
427120,5040.0
570023,684.0
007575,7680.0
0079X0,9610.0
36328K,2835.0
014285,5600.0
570110,16095.0
321410,10490.0
005745,5190.0
491630,5285.0
306530,6770.0
454180,7365.0
145670,1275.0
001525,10670.0
476000,5040.0
014915,4605.0
280940,3440.0
252410,1298.0
000227,7930.0
488210,25220.0
291620,4350.0
253230,74.0
580033,4830.0
500051,1187.0
275750,2485.0
008355,7130.0
280320,21650.0
334700,3265.0
500030,55.0
700018,1831.0
570070,1645.0
253240,1293.0
306520,2350.0
004545,3800.0
253160,150.0
001527,6570.0
261920,11880.0
011155,5640.0
500038,1100.0
412560,1578.0
004415,4365.0
002785,10520.0
465620,6360.0
002787,16710.0
196170,253500.0
086520,81100.0
247540,104900.0
036930,205500.0
277810,436000.0
240810,121500.0
039030,453500.0
058470,69600.0
222800,125700.0
108490,306500.0
403870,53900.0
028300,29650.0
095340,186300.0
000250,159600.0
319660,126900.0
087010,156000.0
031980,159900.0
214450,327500.0
084370,138000.0
298380,56000.0
440110,61000.0
141080,82200.0
064760,268500.0
010170,18320.0
257720,41550.0
131290,243000.0
145020,214000.0
095610,138100.0
357780,331000.0
067310,38650.0
226950,111600.0
080220,73400.0
319400,22500.0
310210,132000.0
032820,13870.0
140410,75100.0
058610,99400.0
263750,34850.0
178320,33850.0
214370,39900.0
005290,41200.0
347850,45300.0
214150,31300.0
043260,26800.0
030530,26050.0
083650,64300.0
237690,92700.0
098460,27650.0
041510,80700.0
060370,34000.0
140860,252000.0
068760,39100.0
089030,45350.0
131970,86100.0
218410,60100.0
437730,50100.0
183300,30850.0
007390,24550.0
096530,33800.0
036540,9020.0
089970,55100.0
420770,113100.0
0009K0,21750.0
241710,131400.0
039200,36550.0
323280,45450.0
078600,88000.0
035900,38500.0
204270,23550.0
950160,15970.0
082920,29350.0
347700,24150.0
290650,46100.0
003380,10990.0
127120,32500.0
195940,39000.0
166090,55700.0
252990,17320.0
056190,28000.0
293490,9160.0
232140,11910.0
458870,24850.0
100790,17660.0
086450,20650.0
417200,13500.0
950260,18470.0
119850,54200.0
101490,41700.0
356860,37450.0
327260,48600.0
065350,31450.0
099320,78600.0
083450,46300.0
014620,32100.0
160190,27400.0
031330,8350.0
036830,40700.0
032500,19440.0
122870,43850.0
388720,69200.0
475830,37400.0
035760,36700.0
115180,21400.0
445680,45850.0
032190,20250.0
041830,57500.0
033100,48150.0
090710,6450.0
090360,78800.0
251970,61700.0
476830,27100.0
053800,68200.0
491000,29850.0
044490,37650.0
225570,11310.0
295310,60000.0
085660,8000.0
038500,6890.0
161580,31550.0
041960,9840.0
189300,68100.0
074600,27800.0
171090,72100.0
213420,29250.0
466100,23450.0
388210,74200.0
006730,11050.0
281740,10690.0
425420,56200.0
124500,29650.0
137400,29000.0
093320,140000.0
476060,14860.0
023160,26050.0
059090,19980.0
033790,8000.0
328130,8840.0
048410,6800.0
121600,53400.0
122640,29450.0
253450,20650.0
358570,9560.0
033640,26700.0
064290,46750.0
222080,7730.0
050890,9760.0
036810,27100.0
102710,41000.0
053610,64800.0
126340,80700.0
046890,9850.0
094170,27300.0
045100,32100.0
052400,37950.0
253590,12240.0
079940,40000.0
456160,31900.0
490470,15550.0
009520,12670.0
077360,11610.0
211050,10630.0
060250,13000.0
037460,31300.0
399720,42750.0
112040,14930.0
397030,18280.0
025980,5170.0
356680,17570.0
376900,28500.0
033500,16570.0
019210,13300.0
101160,29900.0
052020,7260.0
086900,67300.0
035890,2340.0
099190,16190.0
056080,12500.0
015750,5970.0
460930,13280.0
034950,103300.0
027360,3865.0
080580,22200.0
089890,28150.0
383310,22200.0
069540,4100.0
092870,35400.0
368770,14040.0
214430,62600.0
365340,35400.0
348340,19470.0
219130,72000.0
082270,9970.0
144960,10280.0
348370,20400.0
278280,36450.0
098120,53500.0
125490,12050.0
340570,27300.0
336570,4910.0
024850,13710.0
041190,5430.0
013030,36800.0
290550,21200.0
067160,36700.0
332570,9100.0
187660,6530.0
204620,5860.0
104830,32600.0
030520,16980.0
018290,11690.0
078340,33550.0
376300,17080.0
272290,20300.0
078130,3510.0
092190,8610.0
241770,38700.0
174900,19560.0
078350,25550.0
468530,35050.0
101730,4585.0
441270,9050.0
107640,41950.0
439960,11600.0
477850,21150.0
006910,7640.0
018000,1285.0
089010,22350.0
095660,17320.0
486990,17450.0
475960,27550.0
092730,22850.0
036800,8040.0
386380,19440.0
078020,6570.0
003800,32650.0
215200,34800.0
042000,14890.0
033160,14630.0
236200,51300.0
170920,33650.0
114810,12610.0
046970,8080.0
025320,3835.0
025900,6890.0
393890,10290.0
078160,8870.0
079370,11110.0
448900,56700.0
348210,32650.0
069080,11040.0
138080,27450.0
417840,14810.0
389470,25450.0
200710,25050.0
064260,4445.0
036620,3730.0
060280,8030.0
121440,7730.0
488900,11420.0
455900,21450.0
456010,22700.0
372320,21450.0
330860,26350.0
452430,38650.0
110990,16810.0
052710,17000.0
200470,7240.0
093520,26500.0
900290,3400.0
039440,20200.0
206650,8410.0
091580,23100.0
215600,2205.0
168360,13600.0
071200,12430.0
352480,22100.0
117730,13340.0
424870,3290.0
025770,8030.0
042370,11440.0
035810,4630.0
228760,11960.0
101930,6460.0
017890,14240.0
159010,22050.0
067630,2405.0
472850,5010.0
482630,13150.0
203650,2830.0
199800,31950.0
099440,4210.0
049070,18070.0
061970,4040.0
024840,6500.0
092460,16410.0
136480,2630.0
036200,9100.0
054950,23050.0
200670,24800.0
084110,21850.0
098070,24850.0
265520,18290.0
234340,19700.0
448280,9280.0
035600,9950.0
484590,6630.0
389500,40850.0
160980,24800.0
089980,16840.0
036890,12210.0
309710,21000.0
317330,13060.0
151860,5610.0
182400,3670.0
043150,17820.0
378340,12210.0
267980,34100.0
051500,21950.0
216080,6980.0
294570,25750.0
452280,13500.0
0011T0,5530.0
060720,10960.0
377450,14920.0
439090,15770.0
042520,18120.0
287840,17150.0
012210,11160.0
121800,3320.0
086390,12120.0
091700,5110.0
304360,20450.0
484120,23250.0
377460,4080.0
023410,3265.0
011560,24800.0
461300,18660.0
446540,8550.0
067390,5880.0
064820,8000.0
068930,8900.0
376270,33900.0
036030,4970.0
073490,32000.0
354320,37800.0
394280,9090.0
108860,8850.0
389650,28650.0
389260,13230.0
243070,19700.0
043370,11220.0
019010,4860.0
065710,45400.0
493280,15710.0
094360,10890.0
144510,14690.0
190510,16400.0
045390,3265.0
445090,21050.0
481070,16030.0
180400,2330.0
125020,6540.0
100120,25500.0
064550,8820.0
0008Z0,23950.0
114190,8650.0
0001A0,8850.0
425040,10260.0
023760,1414.0
254490,15450.0
237880,12340.0
382900,25450.0
200130,7740.0
298830,4165.0
475400,18790.0
005710,11070.0
215000,35250.0
462350,6520.0
416180,24400.0
243840,5710.0
307180,5930.0
272110,27050.0
241520,8110.0
094480,5490.0
018310,14590.0
199430,18980.0
290690,4000.0
014940,4610.0
126730,23850.0
353810,6300.0
950170,4265.0
061090,38000.0
459510,16000.0
067080,11150.0
380540,8450.0
099430,3350.0
064850,18050.0
095500,6640.0
053300,5200.0
065680,22200.0
206640,9340.0
036190,34100.0
049430,22550.0
112290,10090.0
036710,3860.0
047920,6210.0
058970,16460.0
365270,9140.0
314930,6770.0
217730,2125.0
123330,25050.0
450950,5220.0
388050,10480.0
053030,5990.0
078150,2045.0
484810,12510.0
024060,12880.0
066620,25750.0
126600,3075.0
304100,15300.0
080720,2410.0
036560,12210.0
046120,5680.0
032580,5780.0
042420,23500.0
452450,5300.0
052330,10750.0
013120,2100.0
256840,2780.0
067290,3390.0
034810,5990.0
005160,3470.0
462860,2620.0
194700,10300.0
016790,994.0
094820,12400.0
051160,12060.0
143240,17280.0
192440,29700.0
134580,3740.0
102940,14040.0
108380,19200.0
085910,13250.0
274090,13220.0
115450,1918.0
088800,2405.0
230240,13640.0
318060,16220.0
084850,7970.0
417030,31250.0
475040,3340.0
086670,18040.0
264850,5900.0
419530,17500.0
199820,8020.0
082800,2925.0
012860,2425.0
314130,3395.0
214180,13660.0
083310,9910.0
464080,9790.0
194480,14420.0
032940,9610.0
293780,6200.0
403850,12100.0
054210,6860.0
083930,11810.0
308430,13430.0
270660,13650.0
176750,6070.0
489460,11690.0
092130,14310.0
0015G0,14710.0
405100,14000.0
049630,7350.0
143160,15960.0
0015N0,13570.0
204610,3045.0
138610,14880.0
357550,31000.0
104480,1857.0
080160,8920.0
122990,6570.0
355150,21600.0
086820,6470.0
478340,14460.0
038390,10000.0
245620,741.0
123860,13650.0
118990,6740.0
950140,8320.0
234690,9200.0
039830,15300.0
402030,13140.0
024800,4665.0
263860,18070.0
382800,5150.0
372170,20500.0
0082N0,12270.0
340450,6900.0
032620,3125.0
474650,28350.0
041920,8740.0
289080,2700.0
123410,5830.0
068790,7310.0
036170,2640.0
119830,6080.0
126700,10770.0
413630,4410.0
149950,11750.0
264450,10940.0
418550,5010.0
260970,55400.0
066410,1153.0
039860,4180.0
0007C0,19800.0
119610,13930.0
023910,26400.0
093190,8180.0
072870,13190.0
013990,4770.0
488280,14450.0
222040,7570.0
388790,5070.0
054800,14990.0
011040,5030.0
007330,10100.0
205500,1818.0
394800,4770.0
065660,15140.0
093640,4580.0
101970,10140.0
041020,3010.0
138360,1699.0
041520,12250.0
078070,8740.0
042600,12000.0
179290,4605.0
046440,4080.0
300080,8960.0
054450,9750.0
089600,12940.0
265740,8250.0
051370,6310.0
226590,13730.0
148150,4135.0
023600,9180.0
432720,10340.0
086890,3595.0
049960,15500.0
0039P0,7700.0
147830,7200.0
469610,16090.0
035610,5260.0
005990,10790.0
211270,9510.0
187870,10340.0
047770,3785.0
092070,12300.0
126640,4050.0
114840,8510.0
489500,22200.0
451760,8570.0
069510,12940.0
115310,9490.0
084990,3050.0
054920,4930.0
073010,3455.0
228850,8350.0
158430,5650.0
201490,4220.0
290740,13690.0
067280,23200.0
220100,6130.0
212560,10190.0
457550,14730.0
417010,6760.0
140670,10580.0
101360,7630.0
035080,12140.0
003100,20450.0
321550,4480.0
001540,10290.0
053260,7160.0
445180,7760.0
156100,5940.0
059120,7250.0
039840,9890.0
048870,1505.0
251370,7340.0
095700,2900.0
136540,10750.0
105330,8230.0
474170,7390.0
321370,1863.0
080420,1649.0
443670,5470.0
049720,9150.0
361390,13400.0
282880,11140.0
322510,5060.0
038290,12000.0
417500,3965.0
037070,6490.0
102120,7290.0
079960,17160.0
264660,13320.0
060150,2825.0
232680,9700.0
042510,11550.0
021320,5980.0
267320,2225.0
163730,9990.0
285490,12050.0
079650,6370.0
142210,6110.0
338840,8220.0
307750,2345.0
027710,1136.0
950190,9710.0
331920,11300.0
408920,2920.0
108230,3320.0
146320,9840.0
036690,2885.0
418420,4055.0
115500,10370.0
494120,8140.0
220260,3870.0
396300,4660.0
052860,6900.0
017510,8080.0
297090,4515.0
095190,1886.0
255220,1123.0
056090,1190.0
322310,13090.0
240550,5830.0
256940,6050.0
261780,4195.0
008830,6320.0
041440,6740.0
153890,9970.0
0088M0,12120.0
009780,6790.0
387690,15640.0
122450,2660.0
101170,8800.0
333430,3860.0
297890,1621.0
052260,3950.0
452190,4950.0
293580,1247.0
094840,12030.0
475230,10770.0
308080,5710.0
336680,2985.0
049520,3785.0
402490,6890.0
351320,3915.0
041590,2370.0
0011A0,12380.0
051980,1035.0
072950,14250.0
458650,7620.0
053080,8810.0
473980,10510.0
474610,7930.0
086980,1830.0
051360,11850.0
047310,3110.0
172670,12690.0
259630,9300.0
054050,7060.0
189330,12060.0
063570,3310.0
037350,7430.0
389020,16350.0
090850,5020.0
039560,2625.0
141000,9240.0
036630,7960.0
217270,2430.0
067990,3795.0
018120,16700.0
115440,10210.0
166480,2080.0
040300,2305.0
290720,2870.0
067900,6000.0
039340,4940.0
246710,2275.0
299030,13550.0
106190,10180.0
217820,2280.0
396470,6690.0
071280,7050.0
198440,1768.0
242040,3110.0
038540,1944.0
209640,3780.0
950250,3000.0
339950,2375.0
073560,1540.0
100700,2425.0
475580,7770.0
130580,6850.0
109740,4090.0
123040,1674.0
120240,14520.0
053700,3905.0
048550,1074.0
394420,9380.0
192410,4095.0
311320,8170.0
059210,3790.0
334970,1321.0
088130,5870.0
162300,2470.0
289930,7770.0
125210,6180.0
021080,2120.0
310200,1945.0
131030,5740.0
091440,2780.0
357880,1866.0
182360,6480.0
453450,12680.0
063170,5640.0
323990,4310.0
014950,9950.0
006620,3510.0
250060,3105.0
217190,7590.0
309960,4300.0
246720,6070.0
366030,4350.0
352090,3660.0
053350,4455.0
306620,2045.0
175250,1584.0
187790,3165.0
066790,2205.0
037030,3810.0
298540,6700.0
330350,7330.0
036220,6760.0
068240,2530.0
307930,6180.0
411080,6310.0
317770,2600.0
439580,2840.0
005860,2430.0
052420,9800.0
099750,6970.0
036010,7140.0
017650,10800.0
083500,11360.0
042500,4230.0
457370,11660.0
002230,5100.0
049950,10620.0
348350,9580.0
173130,7160.0
109610,1907.0
235980,2720.0
432470,10560.0
307870,1246.0
066590,2390.0
362320,4460.0
047560,7850.0
493330,11460.0
282720,7570.0
023900,7270.0
040420,5830.0
045970,3460.0
053580,6970.0
074430,1010.0
255440,6910.0
322180,4190.0
062970,2990.0
419050,1571.0
357230,2175.0
093920,4825.0
009300,14000.0
013310,2290.0
049080,10380.0
226400,4250.0
900260,1905.0
096240,8540.0
263720,7140.0
048530,2830.0
091120,5100.0
054540,6700.0
052460,5960.0
205100,1283.0
129920,5320.0
294630,3240.0
004650,9310.0
033290,1522.0
072020,9200.0
065450,2885.0
040350,4270.0
357580,7190.0
029480,1419.0
100590,4940.0
0015S0,8580.0
234300,3110.0
215100,4145.0
025950,10040.0
058820,569.0
078890,4570.0
086960,1978.0
330730,4615.0
049180,1009.0
380550,6870.0
183490,990.0
078140,7530.0
185490,1931.0
100130,1460.0
038110,2025.0
101330,3600.0
086710,6790.0
048910,6560.0
137950,3705.0
007820,3535.0
036640,5020.0
234030,3470.0
381620,6230.0
950130,2315.0
044990,10590.0
418470,9490.0
032300,7450.0
149980,4715.0
412540,3935.0
066430,2070.0
105740,7930.0
079810,3745.0
066980,1497.0
047820,3285.0
131370,1507.0
004590,5350.0
089230,2035.0
033560,4690.0
094860,1508.0
067000,1143.0
371950,3390.0
0007J0,10150.0
140070,2155.0
054670,5550.0
478560,3080.0
302550,2625.0
246960,2335.0
052900,1036.0
032540,3795.0
000440,12720.0
037760,2340.0
066700,2130.0
142280,3300.0
365330,1576.0
0117P0,5580.0
382840,5170.0
019550,980.0
263800,4855.0
412350,5390.0
040160,6620.0
475430,4370.0
066310,8410.0
0017J0,2580.0
396270,2355.0
024880,3880.0
253840,4615.0
487400,7530.0
223250,3135.0
058400,5810.0
389030,1953.0
083790,1000.0
124560,1985.0
048430,6670.0
117670,11530.0
063080,11640.0
487580,3045.0
225530,2110.0
107600,13570.0
331380,2070.0
088390,8150.0
389140,5350.0
038680,3825.0
073640,654.0
030960,4750.0
012700,2920.0
017480,4915.0
251120,8710.0
041930,4975.0
020710,3770.0
168330,2380.0
102370,2915.0
060570,5090.0
084730,6770.0
228340,3760.0
011370,3715.0
024740,2275.0
040910,4105.0
451250,7290.0
282620,12700.0
320000,10750.0
303810,2320.0
090470,4245.0
060590,3065.0
080010,7520.0
208140,2260.0
170030,4800.0
091590,6260.0
026150,4185.0
012790,6100.0
039980,5080.0
456070,6620.0
053280,2910.0
058630,3875.0
038460,2875.0
065510,6670.0
302430,7400.0
011320,3750.0
413390,6250.0
045660,8760.0
228670,4625.0
360070,8830.0
085670,2950.0
388870,5580.0
347890,4235.0
0004V0,6530.0
234920,5310.0
041910,5400.0
096350,1944.0
171120,1994.0
337930,2410.0
347000,1891.0
128660,2875.0
104460,6760.0
217330,3070.0
067370,5800.0
277880,3570.0
377480,9960.0
076610,1162.0
204840,4560.0
417790,6750.0
332370,5320.0
054040,4390.0
054620,3830.0
338220,5030.0
460940,5230.0
039010,8070.0
024830,8330.0
136150,8280.0
043610,1193.0
153710,4720.0
196490,6090.0
318160,7400.0
067570,1638.0
032850,4150.0
110790,2940.0
019540,5070.0
048770,4350.0
265560,6380.0
109860,7490.0
299660,2310.0
417970,10650.0
002800,4490.0
303360,5270.0
006140,4565.0
950220,1978.0
049550,3450.0
123420,6490.0
061040,7430.0
004780,4220.0
262260,4450.0
067920,6100.0
205470,2715.0
214260,7500.0
014970,4505.0
270520,2880.0
137080,6210.0
0156T0,8540.0
010280,5100.0
294140,2665.0
290660,1548.0
111710,3220.0
212710,6790.0
041460,3470.0
0218L0,12490.0
104040,2445.0
100030,19950.0
214680,3920.0
067170,2380.0
483350,2945.0
323350,8140.0
424960,3950.0
033130,1750.0
096250,5470.0
222110,4780.0
0155E0,11740.0
036000,2790.0
043650,3590.0
451220,8140.0
039610,6140.0
241790,6380.0
054300,1094.0
463020,7080.0
008370,5300.0
092040,900.0
081150,2620.0
155650,3345.0
065170,2270.0
082210,1811.0
331740,6480.0
089850,4250.0
001840,2215.0
147760,3120.0
382480,1585.0
065530,1303.0
095270,4335.0
005670,6230.0
294090,1490.0
049480,1980.0
122350,1621.0
064240,1791.0
241690,2535.0
457600,4525.0
900300,3000.0
352910,4870.0
010240,5250.0
039420,2675.0
347860,1445.0
203400,676.0
291230,2535.0
288180,8230.0
221800,3725.0
094850,4340.0
056360,6200.0
448710,11460.0
216050,4965.0
014470,1061.0
191420,7450.0
097800,2210.0
365660,4475.0
066670,3220.0
060310,1133.0
033320,3140.0
016250,11890.0
208370,2320.0
950200,3100.0
064800,2325.0
037440,4230.0
214270,1301.0
036120,1675.0
010470,4895.0
126880,2530.0
050960,8680.0
053620,6780.0
003310,1647.0
348080,4540.0
238090,1907.0
099520,1284.0
045340,6780.0
033310,1449.0
340810,4150.0
089790,5610.0
225190,821.0
036090,1357.0
025550,2255.0
039020,2535.0
123010,2830.0
420570,9770.0
175140,2290.0
333620,5190.0
061250,6760.0
273640,5180.0
127710,1286.0
053050,1888.0
187420,1733.0
215360,6180.0
053160,9400.0
315640,1918.0
317530,3220.0
391710,1320.0
443250,5200.0
007370,3975.0
263690,4925.0
192250,7890.0
059270,4985.0
040610,3265.0
263600,3490.0
340930,806.0
460870,2765.0
109080,9780.0
024950,4445.0
251630,3450.0
104620,3260.0
217480,499.0
036670,5070.0
104540,4065.0
024910,1519.0
027050,1360.0
053270,1980.0
170790,8430.0
459100,4000.0
043710,3110.0
081180,6090.0
370090,6270.0
054930,17870.0
463480,4325.0
435570,7020.0
459550,2115.0
232830,3220.0
348150,2730.0
347740,1760.0
453860,8180.0
019990,5400.0
070300,1482.0
419080,4820.0
340360,988.0
094940,6230.0
317850,6230.0
464490,4515.0
088910,2015.0
105760,5080.0
314140,5960.0
163280,3795.0
246690,2170.0
0013V0,5200.0
033230,1020.0
261520,5010.0
039240,1903.0
046210,1127.0
015710,2925.0
189860,5280.0
408470,4830.0
088280,2945.0
046940,2815.0
044340,2845.0
452400,5590.0
256630,4370.0
424980,8520.0
393970,2825.0
179900,2330.0
060560,1976.0
376290,2830.0
049470,2120.0
071670,4985.0
092300,2460.0
299170,1194.0
179530,1809.0
361570,1709.0
321260,1739.0
042110,1011.0
063440,1077.0
122310,3350.0
217500,1519.0
440290,1753.0
355690,5020.0
150900,4100.0
418250,6550.0
311690,3645.0
219550,1149.0
384470,2645.0
900340,1334.0
291650,1555.0
189980,1177.0
037950,2795.0
023440,521.0
373200,1862.0
178780,2490.0
321820,2970.0
198080,2150.0
199550,3115.0
317830,4290.0
068330,1041.0
014190,1300.0
229000,1957.0
038010,5090.0
053980,2405.0
131400,766.0
073110,5130.0
059100,6450.0
072990,3145.0
222420,938.0
094970,2710.0
471820,4005.0
260930,2340.0
099410,3230.0
051390,3980.0
082850,4650.0
052790,4110.0
290670,5700.0
027830,829.0
143540,1003.0
083550,3295.0
033340,460.0
072470,2360.0
0010V0,8730.0
317690,2205.0
053450,3000.0
114450,2215.0
208860,1303.0
317870,5000.0
288330,416.0
277070,3220.0
900250,1230.0
042040,5080.0
227950,1276.0
224110,8660.0
238120,3080.0
145170,2585.0
382150,3350.0
065130,2730.0
278650,2505.0
258610,1188.0
479960,6080.0
022220,836.0
050120,3190.0
226340,5150.0
066130,3370.0
263020,3110.0
129890,943.0
413640,5950.0
140520,2030.0
053950,2180.0
159580,2130.0
466410,8440.0
450330,5190.0
307280,5970.0
007680,3200.0
373160,3060.0
189690,1540.0
184230,2230.0
476040,6370.0
037230,1402.0
065440,1521.0
452200,1703.0
256150,4935.0
056700,1416.0
190650,6450.0
263810,2585.0
002290,3310.0
086060,4740.0
066900,1787.0
136410,3670.0
460470,2670.0
007530,1811.0
286750,2515.0
234100,2725.0
199480,3895.0
064090,798.0
218150,1940.0
196300,4165.0
035460,2650.0
261200,2500.0
044960,3125.0
042940,5780.0
052220,1701.0
049830,6380.0
025880,2340.0
100660,3095.0
263770,1645.0
037370,4520.0
465480,3845.0
352700,1482.0
219420,3395.0
263700,2005.0
109670,6660.0
043340,814.0
250000,5690.0
221840,2050.0
221980,9480.0
060540,1462.0
050860,1695.0
046310,2320.0
026040,2295.0
032960,2150.0
038070,4065.0
273060,3840.0
097870,4440.0
014570,3415.0
065500,1050.0
122690,1620.0
203450,2655.0
101240,3285.0
019770,3200.0
051490,2620.0
084650,500.0
406820,2625.0
153460,5660.0
033170,2150.0
043910,3250.0
123570,1654.0
060850,4530.0
208710,2790.0
171010,2570.0
260660,2385.0
215380,2160.0
086040,2275.0
434480,2930.0
284620,1087.0
045060,2120.0
360350,6600.0
121890,2700.0
066360,1496.0
461030,2500.0
196450,3950.0
318410,6440.0
046390,2070.0
068940,778.0
081580,2300.0
446840,3235.0
045510,1132.0
239890,3585.0
075130,2205.0
207760,2130.0
263050,959.0
186230,3220.0
024120,3050.0
387570,6230.0
270870,3880.0
106240,1305.0
417860,7350.0
332290,4355.0
039290,3975.0
057540,581.0
177900,3580.0
215090,1487.0
432430,2085.0
204020,1769.0
363250,4030.0
016600,2455.0
099220,5440.0
469750,991.0
057030,2085.0
052600,2935.0
006920,3080.0
104200,2265.0
452300,2365.0
397810,6470.0
258790,6670.0
290120,2100.0
038060,689.0
133750,1415.0
900270,3090.0
408900,1010.0
318020,2685.0
064520,1475.0
310870,1503.0
072770,790.0
065950,1158.0
419120,2295.0
153490,3170.0
131090,4255.0
087600,3990.0
068050,1176.0
148930,3200.0
032790,1265.0
220180,1357.0
271830,1101.0
430690,2980.0
290090,4360.0
080520,2865.0
109820,1590.0
335810,1477.0
021650,1979.0
173940,2100.0
476080,4000.0
215790,802.0
025440,3295.0
090410,3485.0
033830,1696.0
159910,3060.0
079170,6150.0
200780,2995.0
089140,2085.0
369370,3195.0
197140,2445.0
031510,1133.0
296640,6120.0
263920,3220.0
050110,1079.0
368970,2800.0
020180,4085.0
064480,2625.0
037330,713.0
127980,2640.0
258830,412.0
099390,3800.0
160550,1117.0
388610,5810.0
317240,1058.0
069920,1360.0
187270,3035.0
464280,5560.0
093380,3105.0
049120,2890.0
393210,1962.0
288620,4385.0
097780,1508.0
300120,3085.0
073540,2670.0
462310,3845.0
012620,6890.0
356890,2535.0
038950,2960.0
246250,1969.0
444530,4690.0
139670,2125.0
140430,2805.0
123840,1926.0
367000,3560.0
075970,1622.0
071850,1230.0
128540,1118.0
038620,1970.0
254120,968.0
078590,2980.0
031310,994.0
462980,1613.0
376980,3010.0
336060,3050.0
311390,2310.0
237820,2275.0
052300,1796.0
431190,3895.0
091340,2490.0
407400,1991.0
088340,6670.0
070590,2090.0
119500,2445.0
373170,1907.0
351330,3475.0
079000,4000.0
236810,1693.0
033540,2750.0
089150,1672.0
262840,2710.0
148250,2100.0
096630,1800.0
450520,1941.0
239610,5290.0
045300,2690.0
464580,1540.0
224060,5490.0
188260,2035.0
115480,2330.0
043220,1710.0
007770,8030.0
008470,1673.0
452160,2920.0
114630,1625.0
318010,3530.0
038870,1996.0
333050,5680.0
066910,1816.0
364950,3365.0
091970,3700.0
198940,1394.0
068100,2325.0
195500,1735.0
363260,4305.0
290560,1238.0
226330,1140.0
017000,2370.0
322780,1841.0
109960,1826.0
290270,2875.0
193250,2065.0
130500,1892.0
225220,1428.0
101670,482.0
069410,2670.0
016920,1064.0
297570,3945.0
067010,2505.0
348030,2810.0
900310,2105.0
032750,2985.0
096690,6700.0
131220,3615.0
900070,1000.0
080530,2425.0
047080,1078.0
033050,840.0
053290,1613.0
083660,1523.0
105550,1694.0
054780,1341.0
048470,2730.0
013720,2165.0
328380,3840.0
019570,2745.0
069140,1733.0
458350,3010.0
138070,1493.0
001810,1177.0
238490,2300.0
146060,1083.0
026910,3275.0
169330,1414.0
021880,1220.0
103840,1581.0
038530,999.0
475660,3260.0
057680,1636.0
365590,1399.0
377030,1801.0
054090,1030.0
076080,1135.0
0010F0,2295.0
351870,2290.0
035200,2760.0
044780,1373.0
083640,5530.0
134060,5320.0
090150,6050.0
054940,3815.0
359090,2200.0
016670,2480.0
290520,1605.0
101680,2980.0
020400,2760.0
200350,2505.0
131180,4265.0
060380,1270.0
415380,2185.0
123750,1805.0
043200,1192.0
376180,1340.0
177830,2195.0
058110,1545.0
208350,3060.0
073570,2050.0
368600,956.0
039740,3070.0
417180,4305.0
038880,3265.0
206400,654.0
115160,5680.0
389680,2940.0
405920,1899.0
276730,1032.0
148780,3870.0
355390,1530.0
222980,2200.0
016100,1259.0
318000,2740.0
301300,1820.0
398120,2015.0
267790,3095.0
007720,1179.0
027040,1701.0
462510,2685.0
378800,510.0
051380,1533.0
188040,5020.0
247660,4490.0
023770,2620.0
033200,2545.0
036480,6150.0
432980,2720.0
039310,1283.0
060230,1189.0
331520,2370.0
032860,2875.0
115530,2700.0
464500,1649.0
206560,905.0
352940,2115.0
013810,1568.0
115570,2875.0
187220,1988.0
044480,3445.0
018680,1964.0
317120,1498.0
154040,1055.0
241840,2380.0
257370,1804.0
298060,2340.0
032800,1480.0
303530,3025.0
017250,1053.0
130740,1962.0
192390,1845.0
237750,3395.0
289220,987.0
027580,1860.0
440320,2205.0
238200,2685.0
065690,1828.0
065370,2970.0
053060,1240.0
277410,5700.0
362990,1303.0
043360,2430.0
032280,1345.0
018700,1301.0
032080,1010.0
021040,1000.0
054220,1720.0
377330,2660.0
424760,2150.0
069330,1270.0
067730,2225.0
340440,756.0
429270,3320.0
095910,586.0
215480,1986.0
219750,1630.0
344860,1419.0
063760,2285.0
045520,3270.0
383930,1661.0
900110,5740.0
084440,5520.0
024940,2105.0
275630,4000.0
191410,1874.0
043590,1543.0
019660,1501.0
032680,907.0
200230,2205.0
067770,2490.0
096870,2475.0
353590,1600.0
101000,2075.0
347770,907.0
438700,1841.0
051780,2695.0
196700,1422.0
403490,2220.0
353190,2585.0
085810,1440.0
060900,3110.0
227610,1050.0
154030,1685.0
361670,3585.0
372800,2880.0
065150,1269.0
113810,3095.0
050090,853.0
285800,5580.0
342870,3675.0
110020,2210.0
065060,3325.0
080470,2725.0
006050,5700.0
098660,1575.0
050760,1202.0
455180,1334.0
078860,3175.0
115610,1657.0
365900,2670.0
101400,1660.0
252500,2340.0
073190,1622.0
056730,1305.0
054410,3365.0
214610,2290.0
037400,3660.0
023790,1465.0
274400,2105.0
195990,1174.0
083470,895.0
137940,1943.0
079950,1379.0
419540,3190.0
018620,2740.0
048830,1014.0
031860,6930.0
014100,1572.0
092600,3670.0
279600,3915.0
335870,5420.0
060480,1610.0
291810,1560.0
088290,2210.0
405000,3280.0
373110,1017.0
0197V0,1925.0
900120,1040.0
009730,2165.0
376930,1670.0
002680,2630.0
210120,1750.0
482680,2055.0
477380,2080.0
241820,6040.0
034940,2700.0
225590,3260.0
309930,856.0
377220,2895.0
103230,2270.0
065650,1491.0
009620,4645.0
289010,1163.0
223310,3080.0
0072Z0,1965.0
477340,2060.0
131100,2385.0
0130H0,1993.0
177350,1540.0
0101C0,1967.0
030350,973.0
306040,1622.0
0044K0,1977.0
475460,2625.0
473050,2100.0
489480,2200.0
0115H0,1975.0
478440,2065.0
479880,2065.0
418620,710.0
0165X0,1946.0
0099W0,1980.0
304840,561.0
352770,5250.0
239340,504.0
244460,1651.0
0134X0,1974.0
0164H0,1954.0
481890,2065.0
0096B0,1986.0
0099X0,2180.0
303030,1411.0
478390,2070.0
028080,5300.0
489730,2030.0
0097F0,1967.0
054180,2295.0
0093G0,1980.0
492220,2035.0
482520,2065.0
0037T0,1987.0
0054V0,2000.0
0131D0,1970.0
0091W0,2030.0
065570,764.0
079190,1281.0
060260,913.0
477760,2065.0
354200,1345.0
035620,645.0
0041L0,1980.0
0088D0,2060.0
0132G0,1992.0
469900,2095.0
482690,2075.0
208640,828.0
474660,2085.0
474490,2075.0
0071M0,1984.0
487360,2025.0
477470,2070.0
0105P0,1987.0
496070,1984.0
0129K0,1975.0
131760,1275.0
486630,2045.0
0096D0,1971.0
493790,2025.0
0098T0,1976.0
0004Y0,2000.0
489210,2035.0
0130D0,1960.0
043100,520.0
478110,2055.0
466690,2010.0
240600,1230.0
0041B0,2010.0
498390,2035.0
305090,538.0
142760,478.0
065770,940.0
288980,270.0
012340,442.0
488060,2040.0
106080,1650.0
484130,2025.0
001000,1876.0
473950,2055.0
469480,2130.0
487830,2040.0
468760,2080.0
472230,2100.0
487720,2030.0
0068Y0,1982.0
03481K,6030.0
0041J0,1992.0
087260,247.0
308100,303.0
475250,2085.0
079970,596.0
900100,1438.0
474930,2095.0
065420,940.0
250930,1100.0
276040,327.0
473000,2080.0
475240,2095.0
044180,205.0
313760,468.0
058450,944.0
011080,647.0
052770,312.0
225430,698.0
025870,1059.0
199730,817.0
084180,165.0
312610,107.0
021045,2405.0
046070,140.0
035290,384.0
032685,6980.0
008290,20.0
082660,1.0
