date,slot,time,kospi_tv_eok,kosdaq_tv_eok,nxt_tv_eok,adl_pct,limit_up,top5_pct,kospi_chg,kosdaq_chg,kospi_idx_tv_eok,kosdaq_idx_tv_eok
2026-05-07,확정,2058,795324.0,167685.0,,,7,,,,,
2026-05-08,확정,1750,432429.0,134239.0,,,12,,,,,
2026-05-11,확정,1750,811771.0,160764.0,,,10,,,,,
2026-05-12,확정,2219,1043846.0,209661.0,,,11,,,,,
2026-05-15,확정,2310,916407.0,168283.0,,,9,,,,,
2026-05-18,확정,2305,747019.0,145720.0,,,7,,0.31,-1.66,,
2026-05-19,확정,1750,604161.0,135870.0,,,8,,-3.25,-2.41,,
2026-05-20,확정,2134,667193.0,128170.0,,,8,,-0.86,-2.61,,
2026-06-01,확정,1750,1099140.0,119628.0,,,8,,3.68,-2.3,,
2026-06-02,확정,1750,1138711.0,111720.0,,,7,,0.15,-2.29,,
2026-06-04,확정,1750,739896.0,110083.0,,,9,,-1.84,2.31,,
2026-06-05,확정,1750,799090.0,100026.0,,,5,,-5.54,-4.5,,
2026-06-08,확정,1750,831907.0,84220.0,,,7,,-8.29,-9.08,,
2026-06-09,확정,1750,797064.0,101657.0,,,6,,8.18,6.19,,
2026-06-10,확정,1750,684389.0,85617.0,,,7,,-4.52,-1.67,,
2026-06-11,확정,2015,746166.0,139506.0,,,10,,0.43,4.76,,
2026-06-12,확정,1750,862502.0,159178.0,,,12,,4.63,3.22,,
2026-06-15,확정,1751,651725.0,113974.0,,,11,,5.2,0.48,,
2026-06-16,확정,1751,699345.0,87827.0,,,10,,2.11,-1.48,,
2026-06-17,확정,1751,647824.0,96355.0,,,9,,1.58,1.3,,
2026-06-18,확정,1750,914396.0,89439.0,,,14,,2.25,-3.01,,
2026-06-19,확정,1750,1162732.0,99802.0,,,9,,-0.13,-3.43,,
2026-06-22,확정,1750,818533.0,91525.0,,,8,,0.69,0.19,,
2026-06-23,확정,1750,1042538.0,81756.0,,,10,,-9.99,-7.94,,
2026-06-24,확정,1750,1069390.0,69858.0,,,15,,3.26,2.0,,
2026-06-25,확정,1750,908017.0,67818.0,,,8,,5.42,-2.36,,
2026-06-26,확정,1750,974769.0,80587.0,,,9,,-5.81,-4.1,,
2026-06-29,확정,1751,774141.0,78036.0,,,18,,-0.2,8.13,,
2026-06-30,확정,1750,724167.0,76440.0,,,11,,0.97,-0.48,,
2026-07-01,확정,1750,709961.0,112951.0,,,23,,-2.04,1.44,,
2026-07-02,확정,1750,854432.0,75959.0,,,8,,-7.89,-6.74,,
2026-07-03,확정,1751,920855.0,69260.0,,,8,,5.76,0.19,,
2026-07-06,확정,1751,646607.0,57191.0,,,12,,-0.46,-2.46,,
2026-07-07,확정,1751,760160.0,61959.0,,,6,,-4.91,-1.87,,
2026-07-08,확정,1751,815466.0,58680.0,,,7,,-5.35,-5.56,,
2026-07-09,확정,1751,722810.0,58298.0,,,9,,0.62,1.15,,
2026-07-10,확정,1751,623778.0,68770.0,,,8,,2.52,5.47,,
2026-07-13,확정,1751,723959.0,68691.0,,,7,,-8.95,-4.55,,
2026-07-14,확정,1751,941037.0,65740.0,,,9,,0.73,-1.92,,
2026-07-15,확정,1751,674484.0,64152.0,,,20,,6.24,5.8,,
2026-07-16,확정,1751,618894.0,45244.0,,,11,,-6.37,-4.53,,
2026-07-17,확정,1750,618894.0,45244.0,,,11,,,,,
2026-07-20,확정,1751,589087.0,46990.0,,,11,,-4.46,-5.33,,
2026-07-21,확정,1750,524253.0,45707.0,,,14,,3.56,0.49,,
2026-07-22,확정,1750,519893.0,51873.0,,,10,,0.74,-0.3,,
2026-07-23,확정,1750,526407.0,54329.0,,,8,,4.4,5.22,,
2026-07-24,확정,1750,563444.0,48925.0,,,7,,-5.72,-5.32,309919.59,51770.49
2026-07-27,확정,1750,438671.0,43594.0,,,9,,0.97,2.22,242946.96,44615.57
2026-07-28,확정,1750,569293.0,46188.0,,,10,,-10.84,-7.72,360739.27,47703.37
2026-07-29,확정,1750,891307.0,63647.0,,,3,,-5.98,-6.12,492173.57,64884.4
2026-07-30,확정,1750,716327.0,43520.0,,,6,,-1.23,-2.7,383209.02,44929.1
2026-07-31,확정,1750,772113.0,55208.0,,,26,,17.91,11.63,495676.51,54357.47
2026-08-03,확정,1751,431952.0,54461.0,,,12,,-5.12,2.44,263346.4,54627.89
2026-08-04,확정,1750,476257.0,58980.0,,,8,,1.62,5.88,282107.82,58629.64
2026-08-05,확정,1750,412712.0,63695.0,,,10,,3.76,2.42,256577.54,63827.4
2026-08-06,확정,1750,415426.0,60920.0,,,8,,-4.58,0.26,264521.37,61410.37
2026-08-07,확정,1750,399253.0,51909.0,,,9,,-0.6,-0.36,247305.13,52690.46
2026-08-10,확정,1750,335441.0,71829.0,,,7,,0.65,6.97,190121.23,71233.86
2026-08-11,확정,1750,373558.0,67861.0,,58.2,11,46.1,0.73,0.39,219606.68,67941.88
2026-08-12,확정,1750,424064.0,64904.0,,54.6,9,52.9,3.68,0.12,270994.99,65703.5
2026-08-13,확정,1750,518426.0,73532.0,,51.3,9,52.8,3.56,0.29,348330.76,75916.27
2026-08-14,확정,1750,450448.0,74513.0,,64.6,8,51.2,2.42,0.38,271967.9,75586.95
2026-08-18,확정,1750,502870.0,80720.0,,23.1,12,53.4,-1.55,-3.52,299055.62,81175.89
2026-08-19,확정,1750,420132.0,59923.0,,22.6,7,60.0,-5.8,-1.17,231170.61,61903.29
2026-08-20,확정,1750,503856.0,56990.0,,66.8,8,55.3,5.89,1.99,282144.78,57180.51
2026-08-21,확정,1750,493342.0,52632.0,,23.5,4,60.6,0.88,-4.63,288978.1,54517.75
2026-08-24,확정,1750,418168.0,43410.0,,54.0,6,56.7,-3.12,1.42,261640.58,44864.87
2026-08-25,확정,1750,461489.0,47696.0,,70.8,6,43.9,0.68,1.7,240912.08,47222.26
2026-08-26,확정,1750,391168.0,44063.0,,62.2,7,43.0,0.97,-0.03,229193.45,44613.1
2026-08-27,확정,1750,379749.0,51838.0,,52.0,6,47.9,1.53,1.3,229435.92,54719.83
2026-08-28,확정,1750,334251.0,48703.0,,54.3,5,42.1,-1.79,0.09,216374.5,49773.96
2026-08-31,확정,1750,426486.0,53507.0,,41.7,6,40.4,0.46,-0.49,275420.0,53834.38
2026-09-01,확정,1750,322370.0,45794.0,,45.5,7,38.2,0.23,-1.56,192034.46,46579.4
2026-09-02,확정,1750,330147.0,53305.0,,18.6,7,38.0,-3.99,-2.1,187767.71,54557.98
2026-09-03,확정,1750,359072.0,48115.0,,44.9,3,34.6,0.26,-1.71,221650.1,49287.32
2026-09-04,확정,1750,320470.0,70414.0,,71.5,3,41.7,1.64,2.95,177236.5,66954.99
2026-09-07,확정,1750,375561.0,63651.0,,52.4,10,48.2,4.61,1.07,217623.01,63254.77
2026-09-08,확정,1750,452221.0,76964.0,,33.2,6,49.7,-0.58,-1.25,261878.33,81523.41
2026-09-09,확정,1750,399448.0,75837.0,,55.2,7,40.3,1.4,2.28,226257.73,76683.98
2026-09-10,확정,1750,480208.0,107554.0,,46.4,6,39.5,-0.25,0.79,289278.93,114237.07
2026-09-11,확정,1624,362419.0,63661.0,,36.4,12,34.5,-1.76,-1.95,196741.36,64143.53
2026-09-11,1750,1756,362419.0,63661.0,98057,36.4,12,35.3,-1.76,-1.95,196741.36,64143.53
2026-09-11,2053,2053,362419.0,63661.0,108781,36.4,12,36.9,-1.76,-1.95,,
2026-09-14,1420,1421,284598.0,47294.0,74164,30.6,7,27.4,-3.25,-1.68,,
2026-09-14,1535,1536,354972.0,55433.0,81427,33.8,8,41.4,-3.26,-1.69,215843.68,60410.71
2026-09-14,1750,1750,360415.0,57735.0,90319,37.4,8,42.8,-3.26,-1.69,215843.68,60410.71
2026-09-14,1930,1931,365484.0,59588.0,95933,36.4,9,43.9,-3.26,-1.69,215843.68,60410.71
2026-09-15,0828,0828,,,15911,,0,,,,,
2026-09-15,1420,1421,267078.0,53429.0,71704,36.3,9,20.1,-1.34,0.24,127760.16,53529.36
2026-09-15,1535,1535,334336.0,60899.0,78865,43.9,9,30.6,-0.85,0.7,162453.51,60898.56
2026-09-15,1750,1750,336097.0,62826.0,83058,48.9,9,31.0,-0.85,0.7,162453.51,60898.56
2026-09-15,1930,1931,338595.0,64125.0,87296,49.8,9,31.7,-0.85,0.7,162453.51,60898.56
2026-09-16,1420,1421,251549.0,52613.0,57336,45.2,8,22.7,0.79,-0.18,119864.07,53054.95
2026-09-16,1535,1535,311828.0,61876.0,65174,51.3,7,32.6,1.37,0.44,158546.44,61876.33
2026-09-16,1750,1750,314158.0,63555.0,72488,54.8,7,33.9,1.37,0.44,158546.44,61876.33
2026-09-16,1930,1931,315894.0,64856.0,75657,54.8,9,34.4,1.37,0.44,158546.44,61876.33
2026-09-17,1420,1420,251801.0,48798.0,62227,64.6,7,22.1,0.39,0.91,120779.44,48797.23
2026-09-17,1535,1535,310290.0,56217.0,68195,62.1,7,32.3,-0.04,0.76,155412.69,56217.22
2026-09-17,1750,1750,312228.0,57720.0,73225,66.2,6,33.1,-0.04,0.76,155412.69,56217.22
2026-09-17,1930,1931,315092.0,58972.0,78049,68.1,7,33.9,-0.04,0.76,160157.58,58972.22
2026-09-18,1420,1420,275629.0,57937.0,82688,62.2,5,26.6,2.86,0.67,152234.59,57936.94
2026-09-18,1535,1535,405335.0,71960.0,90682,61.7,6,40.2,2.66,0.6,255629.29,71960.41
2026-09-18,1750,1750,408824.0,73677.0,99580,65.3,6,41.3,2.66,0.6,255629.29,71960.41
